{"0": {"accuracy": 0.0006501950556412339, "loss": 0.013867905363440514, "val_accuracy": 0.0, "val_loss": 0.001996217994019389}}
{"1": {"accuracy": 0.0006501950556412339, "loss": 0.001325460965745151, "val_accuracy": 0.0, "val_loss": 0.00028702148119919}}
{"2": {"accuracy": 0.0006501950556412339, "loss": 0.0007870227564126253, "val_accuracy": 0.0, "val_loss": 0.0007061140495352447}}
{"3": {"accuracy": 0.0006501950556412339, "loss": 0.000649968278594315, "val_accuracy": 0.0, "val_loss": 0.00023358788166660815}}
{"4": {"accuracy": 0.0006501950556412339, "loss": 0.0004650853225030005, "val_accuracy": 0.0, "val_loss": 0.00042455861694179475}}
{"5": {"accuracy": 0.0006501950556412339, "loss": 0.0007642446435056627, "val_accuracy": 0.0, "val_loss": 0.00031387826311402023}}
{"6": {"accuracy": 0.0006501950556412339, "loss": 0.0005223714397288859, "val_accuracy": 0.0, "val_loss": 8.425943087786436e-05}}
{"7": {"accuracy": 0.0006501950556412339, "loss": 0.00035217826371081173, "val_accuracy": 0.0, "val_loss": 0.0014663146575912833}}
{"8": {"accuracy": 0.0006501950556412339, "loss": 0.0005852964823134243, "val_accuracy": 0.0, "val_loss": 0.0007241693092510104}}
{"9": {"accuracy": 0.0006501950556412339, "loss": 0.0004387302615214139, "val_accuracy": 0.0, "val_loss": 0.0002974004892166704}}
{"10": {"accuracy": 0.0006501950556412339, "loss": 0.0003424421593081206, "val_accuracy": 0.0, "val_loss": 0.00010047663818113506}}
{"11": {"accuracy": 0.0006501950556412339, "loss": 0.00031757340184412897, "val_accuracy": 0.0, "val_loss": 0.001478646183386445}}
{"12": {"accuracy": 0.0006501950556412339, "loss": 0.0007752817473374307, "val_accuracy": 0.0, "val_loss": 0.00021896652469877154}}
{"13": {"accuracy": 0.0006501950556412339, "loss": 0.0004723493766505271, "val_accuracy": 0.0, "val_loss": 0.0003188684058841318}}
{"14": {"accuracy": 0.0006501950556412339, "loss": 0.0002807839773595333, "val_accuracy": 0.0, "val_loss": 8.036543295020238e-05}}
{"15": {"accuracy": 0.0006501950556412339, "loss": 0.00030391389736905694, "val_accuracy": 0.0, "val_loss": 9.893182868836448e-05}}
{"16": {"accuracy": 0.0006501950556412339, "loss": 0.00026570013142190874, "val_accuracy": 0.0, "val_loss": 0.0004466072714421898}}
{"17": {"accuracy": 0.0006501950556412339, "loss": 0.00030128684011287987, "val_accuracy": 0.0, "val_loss": 0.00022400266607291996}}
{"18": {"accuracy": 0.0006501950556412339, "loss": 0.00038619834231212735, "val_accuracy": 0.0, "val_loss": 0.00023254979168996215}}
{"19": {"accuracy": 0.0006501950556412339, "loss": 0.00025672870106063783, "val_accuracy": 0.0, "val_loss": 0.00010559067595750093}}
{"20": {"accuracy": 0.0006501950556412339, "loss": 0.0003083538613282144, "val_accuracy": 0.0, "val_loss": 0.0003898426075465977}}
{"21": {"accuracy": 0.0006501950556412339, "loss": 0.00038921041414141655, "val_accuracy": 0.0, "val_loss": 9.995619620895013e-05}}
{"22": {"accuracy": 0.0006501950556412339, "loss": 0.0002926440502051264, "val_accuracy": 0.0, "val_loss": 0.0002184770564781502}}
{"23": {"accuracy": 0.0006501950556412339, "loss": 0.00025416273274458945, "val_accuracy": 0.0, "val_loss": 9.355801739729941e-05}}
{"24": {"accuracy": 0.0006501950556412339, "loss": 0.0002309739647898823, "val_accuracy": 0.0, "val_loss": 0.0002491745981387794}}
{"25": {"accuracy": 0.0006501950556412339, "loss": 0.00023938377853482962, "val_accuracy": 0.0, "val_loss": 0.00023594245431013405}}
{"26": {"accuracy": 0.0006501950556412339, "loss": 0.0002460016112308949, "val_accuracy": 0.0, "val_loss": 0.0003754067001864314}}
{"27": {"accuracy": 0.0006501950556412339, "loss": 0.00024112500250339508, "val_accuracy": 0.0, "val_loss": 7.77244713390246e-05}}
{"28": {"accuracy": 0.0006501950556412339, "loss": 0.00022172729950398207, "val_accuracy": 0.0, "val_loss": 0.00018035720859188586}}
{"29": {"accuracy": 0.0006501950556412339, "loss": 0.00024289458815474063, "val_accuracy": 0.0, "val_loss": 0.00019999410142190754}}
{"30": {"accuracy": 0.0006501950556412339, "loss": 0.00025503983488306403, "val_accuracy": 0.0, "val_loss": 7.642063428647816e-05}}
{"31": {"accuracy": 0.0006501950556412339, "loss": 0.000239525455981493, "val_accuracy": 0.0, "val_loss": 0.00011082319542765617}}
{"32": {"accuracy": 0.0006501950556412339, "loss": 0.00021000401466153562, "val_accuracy": 0.0, "val_loss": 0.00020269033848308027}}
{"33": {"accuracy": 0.0006501950556412339, "loss": 0.00021914122044108808, "val_accuracy": 0.0, "val_loss": 0.00029067794093862176}}
{"34": {"accuracy": 0.0006501950556412339, "loss": 0.00023756673908792436, "val_accuracy": 0.0, "val_loss": 0.0001672072394285351}}
{"35": {"accuracy": 0.0006501950556412339, "loss": 0.0002654626441653818, "val_accuracy": 0.0, "val_loss": 0.0005801846273243427}}
{"36": {"accuracy": 0.0006501950556412339, "loss": 0.00033328437712043524, "val_accuracy": 0.0, "val_loss": 0.00013031643175054342}}
{"37": {"accuracy": 0.0006501950556412339, "loss": 0.0002517981338314712, "val_accuracy": 0.0, "val_loss": 0.00013606256106868386}}
{"38": {"accuracy": 0.0006501950556412339, "loss": 0.0002202024479629472, "val_accuracy": 0.0, "val_loss": 0.00010005080548580736}}
{"39": {"accuracy": 0.0006501950556412339, "loss": 0.00019057375902775675, "val_accuracy": 0.0, "val_loss": 0.00010195756476605311}}
{"40": {"accuracy": 0.0006501950556412339, "loss": 0.0002248209057142958, "val_accuracy": 0.0, "val_loss": 0.0002634341362863779}}
{"41": {"accuracy": 0.0006501950556412339, "loss": 0.00021028530318289995, "val_accuracy": 0.0, "val_loss": 7.200285472208634e-05}}
{"42": {"accuracy": 0.0006501950556412339, "loss": 0.00018890202045440674, "val_accuracy": 0.0, "val_loss": 0.00013496620522346348}}
{"43": {"accuracy": 0.0006501950556412339, "loss": 0.00024625941296108067, "val_accuracy": 0.0, "val_loss": 0.0001793552510207519}}
{"44": {"accuracy": 0.0006501950556412339, "loss": 0.00022957482724450529, "val_accuracy": 0.0, "val_loss": 8.570706268073991e-05}}
{"45": {"accuracy": 0.0006501950556412339, "loss": 0.00019384533516131341, "val_accuracy": 0.0, "val_loss": 0.00022267970780376345}}
{"46": {"accuracy": 0.0006501950556412339, "loss": 0.00025112362345680594, "val_accuracy": 0.0, "val_loss": 7.541264494648203e-05}}
{"47": {"accuracy": 0.0006501950556412339, "loss": 0.0001803421910153702, "val_accuracy": 0.0, "val_loss": 5.8344063290860504e-05}}
{"48": {"accuracy": 0.0006501950556412339, "loss": 0.0001719289575703442, "val_accuracy": 0.0, "val_loss": 9.36093638301827e-05}}
{"49": {"accuracy": 0.0006501950556412339, "loss": 0.00019796336709987372, "val_accuracy": 0.0, "val_loss": 0.00016152400348801166}}
{"50": {"accuracy": 0.0006501950556412339, "loss": 0.0001882198266685009, "val_accuracy": 0.0, "val_loss": 0.00020371517166495323}}
{"51": {"accuracy": 0.0006501950556412339, "loss": 0.00019149272702634335, "val_accuracy": 0.0, "val_loss": 0.0001247390900971368}}
{"52": {"accuracy": 0.0006501950556412339, "loss": 0.00017690312233753502, "val_accuracy": 0.0, "val_loss": 0.00036640718462876976}}
{"53": {"accuracy": 0.0006501950556412339, "loss": 0.0002490464539732784, "val_accuracy": 0.0, "val_loss": 0.00022660248214378953}}
{"54": {"accuracy": 0.0006501950556412339, "loss": 0.00023894092009868473, "val_accuracy": 0.0, "val_loss": 0.0001110220473492518}}
{"55": {"accuracy": 0.0006501950556412339, "loss": 0.00024516371195204556, "val_accuracy": 0.0, "val_loss": 7.371272658929229e-05}}
{"56": {"accuracy": 0.0006501950556412339, "loss": 0.00020721058535855263, "val_accuracy": 0.0, "val_loss": 0.00012480678560677916}}
{"57": {"accuracy": 0.0006501950556412339, "loss": 0.00020249914086889476, "val_accuracy": 0.0, "val_loss": 0.00016767486522439867}}
{"58": {"accuracy": 0.0006501950556412339, "loss": 0.00022858177544549108, "val_accuracy": 0.0, "val_loss": 0.0001756809651851654}}
{"59": {"accuracy": 0.0006501950556412339, "loss": 0.0002113741938956082, "val_accuracy": 0.0, "val_loss": 0.00016773039533291012}}
{"60": {"accuracy": 0.0006501950556412339, "loss": 0.000202292125322856, "val_accuracy": 0.0,