{"0": {"accuracy": 0.0006540222093462944, "loss": 0.01143974345177412, "val_accuracy": 0.0, "val_loss": 0.0004091189184691757}}
{"1": {"accuracy": 0.0006540222093462944, "loss": 0.00028977097827009857, "val_accuracy": 0.0, "val_loss": 0.00018042091687675565}}
{"2": {"accuracy": 0.0006540222093462944, "loss": 0.00017184496391564608, "val_accuracy": 0.0, "val_loss": 0.00013273447984829545}}
{"3": {"accuracy": 0.0006540222093462944, "loss": 0.00014766193635296077, "val_accuracy": 0.0, "val_loss": 0.00015902213635854423}}
{"4": {"accuracy": 0.0006540222093462944, "loss": 0.00014631917292717844, "val_accuracy": 0.0, "val_loss": 0.00018826511222869158}}
{"5": {"accuracy": 0.0006540222093462944, "loss": 0.00016640311514493078, "val_accuracy": 0.0, "val_loss": 0.00010143088729819283}}
{"6": {"accuracy": 0.0006540222093462944, "loss": 0.00013912974100094289, "val_accuracy": 0.0, "val_loss": 0.00012225905084051192}}
{"7": {"accuracy": 0.0006540222093462944, "loss": 0.0001139284431701526, "val_accuracy": 0.0, "val_loss": 9.845267049968243e-05}}
{"8": {"accuracy": 0.0006540222093462944, "loss": 0.00010723249579314142, "val_accuracy": 0.0, "val_loss": 7.711460784776136e-05}}
{"9": {"accuracy": 0.0006540222093462944, "loss": 0.0001154085184680298, "val_accuracy": 0.0, "val_loss": 7.368175283772871e-05}}
{"10": {"accuracy": 0.0006540222093462944, "loss": 0.000105556238850113, "val_accuracy": 0.0, "val_loss": 8.450917812297121e-05}}
{"11": {"accuracy": 0.0006540222093462944, "loss": 0.00015132535190787166, "val_accuracy": 0.0, "val_loss": 8.909324242267758e-05}}
{"12": {"accuracy": 0.0006540222093462944, "loss": 0.00011113158689113334, "val_accuracy": 0.0, "val_loss": 0.00012098527804482728}}
{"13": {"accuracy": 0.0006540222093462944, "loss": 0.00011793369776569307, "val_accuracy": 0.0, "val_loss": 0.00016490559210069478}}
{"14": {"accuracy": 0.0006540222093462944, "loss": 0.00011970576451858506, "val_accuracy": 0.0, "val_loss": 8.71962183737196e-05}}
{"15": {"accuracy": 0.0006540222093462944, "loss": 0.00011115267261629924, "val_accuracy": 0.0, "val_loss": 7.413388811983168e-05}}
{"16": {"accuracy": 0.0006540222093462944, "loss": 0.00016198780213017017, "val_accuracy": 0.0, "val_loss": 0.00015104634803719819}}
{"17": {"accuracy": 0.0006540222093462944, "loss": 0.00012513673573266715, "val_accuracy": 0.0, "val_loss": 8.560844435123727e-05}}
{"18": {"accuracy": 0.0006540222093462944, "loss": 0.0001117157589760609, "val_accuracy": 0.0, "val_loss": 0.00010707003821153194}}
{"19": {"accuracy": 0.0006540222093462944, "loss": 0.00012292065366636962, "val_accuracy": 0.0, "val_loss": 0.00011320271732984111}}
{"20": {"accuracy": 0.0006540222093462944, "loss": 0.00021915248362347484, "val_accuracy": 0.0, "val_loss": 0.00025747992913238704}}
{"21": {"accuracy": 0.0006540222093462944, "loss": 0.00011932996130781248, "val_accuracy": 0.0, "val_loss": 7.525697583332658e-05}}
{"22": {"accuracy": 0.0006540222093462944, "loss": 0.00012506198254413903, "val_accuracy": 0.0, "val_loss": 9.379000402987003e-05}}
{"23": {"accuracy": 0.0006540222093462944, "loss": 0.00011953333159908652, "val_accuracy": 0.0, "val_loss": 0.00010948636918328702}}
{"24": {"accuracy": 0.0006540222093462944, "loss": 0.00016524095553904772, "val_accuracy": 0.0, "val_loss": 9.80786862783134e-05}}
{"25": {"accuracy": 0.0006540222093462944, "loss": 0.00013594327901955694, "val_accuracy": 0.0, "val_loss": 7.736242696410045e-05}}
{"26": {"accuracy": 0.0006540222093462944, "loss": 0.0001137097497121431, "val_accuracy": 0.0, "val_loss": 0.00034148746635764837}}
{"27": {"accuracy": 0.0006540222093462944, "loss": 0.00014133953663986176, "val_accuracy": 0.0, "val_loss": 0.0002357136399950832}}
{"28": {"accuracy": 0.0006540222093462944, "loss": 0.00011839195940410718, "val_accuracy": 0.0, "val_loss": 9.597452299203724e-05}}
{"29": {"accuracy": 0.0006540222093462944, "loss": 0.00013986905105412006, "val_accuracy": 0.0, "val_loss": 5.94132870901376e-05}}
{"30": {"accuracy": 0.0006540222093462944, "loss": 0.0001780475868145004, "val_accuracy": 0.0, "val_loss": 9.575852163834497e-05}}
{"31": {"accuracy": 0.0006540222093462944, "loss": 0.00016295630484819412, "val_accuracy": 0.0, "val_loss": 8.737764437682927e-05}}
{"32": {"accuracy": 0.0006540222093462944, "loss": 0.00010433318675495684, "val_accuracy": 0.0, "val_loss": 8.493738278048113e-05}}
{"33": {"accuracy": 0.0006540222093462944, "loss": 9.822265565162525e-05, "val_accuracy": 0.0, "val_loss": 6.044395195203833e-05}}
{"34": {"accuracy": 0.0006540222093462944, "loss": 8.769054693402722e-05, "val_accuracy": 0.0, "val_loss": 8.411122689722106e-05}}
{"35": {"accuracy": 0.0006540222093462944, "loss": 9.258031786885113e-05, "val_accuracy": 0.0, "val_loss": 6.472234963439405e-05}}
{"36": {"accuracy": 0.0006540222093462944, "loss": 0.00011436723434599116, "val_accuracy": 0.0, "val_loss": 0.00019085501844529063}}
{"37": {"accuracy": 0.0006540222093462944, "loss": 0.00015227585390675813, "val_accuracy": 0.0, "val_loss": 6.061869135010056e-05}}
{"38": {"accuracy": 0.0006540222093462944, "loss": 0.00017051793111022562, "val_accuracy": 0.0, "val_loss": 8.441535464953631e-05}}
{"39": {"accuracy": 0.0006540222093462944, "loss": 0.00011387168342480436, "val_accuracy": 0.0, "val_loss": 8.365700341528282e-05}}
{"40": {"accuracy": 0.0006540222093462944, "loss": 9.779373795026913e-05, "val_accuracy": 0.0, "val_loss": 8.84014370967634e-05}}
{"41": {"accuracy": 0.0006540222093462944, "loss": 0.0001229804620379582, "val_accuracy": 0.0, "val_loss": 7.723330782027915e-05}}
{"42": {"accuracy": 0.0006540222093462944, "loss": 0.0001212237257277593, "val_accuracy": 0.0, "val_loss": 0.00015486121992580593}}
{"43": {"accuracy": 0.0006540222093462944, "loss": 0.00011803258530562744, "val_accuracy": 0.0, "val_loss": 0.00011548258771654218}}
{"44": {"accuracy": 0.0006540222093462944, "loss": 0.00012192520807730034, "val_accuracy": 0.0, "val_loss": 0.00010052650031866506}}
{"45": {"accuracy": 0.0006540222093462944, "loss": 0.00011267776426393539, "val_accuracy": 0.0, "val_loss": 7.549806468887255e-05}}
{"46": {"accuracy": 0.0006540222093462944, "loss": 9.9301447335165e-05, "val_accuracy": 0.0, "val_loss": 8.369769784621894e-05}}
{"47": {"accuracy": 0.0006540222093462944, "loss": 0.00010388263763161376, "val_accuracy": 0.0, "val_loss": 7.576080679427832e-05}}
{"48": {"accuracy": 0.0006540222093462944, "loss": 0.00016474661242682487, "val_accuracy": 0.0, "val_loss": 0.0003367611498106271}}
{"49": {"accuracy": 0.0006540222093462944, "loss": 0.00011570160131668672, "val_accuracy": 0.0, "val_loss": 0.00017377913172822446}}
{"50": {"accuracy": 0.0006540222093462944, "loss": 0.00010585794370854273, "val_accuracy": 0.0, "val_loss": 0.00014018114598002285}}
{"51": {"accuracy": 0.0006540222093462944, "loss": 0.00012510812666732818, "val_accuracy": 0.0, "val_loss": 6.882328307256103e-05}}
{"52": {"accuracy": 0.0006540222093462944, "loss": 0.00010261774878017604, "val_accuracy": 0.0, "val_loss": 5.830753070767969e-05}}
{"53": {"accuracy": 0.0006540222093462944, "loss": 0.0001026340396492742, "val_accuracy": 0.0, "val_loss": 7.902114884927869e-05}}
{"54": {"accuracy": 0.0006540222093462944, "loss": 0.00014039846428204328, "val_accuracy": 0.0, "val_loss": 7.86602176958695e-05}}
{"55": {"accuracy": 0.0006540222093462944, "loss": 0.00011428567086113617, "val_accuracy": 0.0, "val_loss": 0.0001056451874319464}}
{"56": {"accuracy": 0.0006540222093462944, "loss": 0.00012784400314558297, "val_accuracy": 0.0, "val_loss": 5.488699025590904e-05}}
{"57": {"accuracy": 0.0006540222093462944, "loss": 9.25453205127269e-05, "val_accuracy": 0.0, "val_loss": 0.00011297821765765548}}
{"58": {"accuracy": 0.0006540222093462944, "loss": 0.00013223986024968326, "val_accuracy": 0.0, "val_loss": 0.0002742930082604289}}
{"59": {"accuracy": 0.0006540222093462944, "loss": 0.00011549887858564034, "val_accuracy": 0.0, "val_loss": 6.352266063913703e-05}}
{"60": {"accuracy": 0.0006540222093462944, "loss": 8.909600001061335e-05, "val_accuracy": 0.0,