{"0": {"accuracy": 0.0006439150311052799, "loss": 0.012403982691466808, "val_accuracy": 0.0, "val_loss": 0.0006008330965414643}}
{"1": {"accuracy": 0.0006439150311052799, "loss": 0.00025818750145845115, "val_accuracy": 0.0, "val_loss": 0.00015617477765772492}}
{"2": {"accuracy": 0.0006439150311052799, "loss": 0.00016958727792371064, "val_accuracy": 0.0, "val_loss": 0.00014090650074649602}}
{"3": {"accuracy": 0.0006439150311052799, "loss": 0.00013495050370693207, "val_accuracy": 0.0, "val_loss": 0.00013532365846913308}}
{"4": {"accuracy": 0.0006439150311052799, "loss": 0.00013458308239933103, "val_accuracy": 0.0, "val_loss": 0.00011805033864220604}}
{"5": {"accuracy": 0.0006439150311052799, "loss": 0.0001071179358405061, "val_accuracy": 0.0, "val_loss": 0.00010579909576335922}}
{"6": {"accuracy": 0.0006439150311052799, "loss": 0.00010536611807765439, "val_accuracy": 0.0, "val_loss": 0.00010740994912339374}}
{"7": {"accuracy": 0.0006439150311052799, "loss": 0.0001091381927835755, "val_accuracy": 0.0, "val_loss": 0.00010224680590908974}}
{"8": {"accuracy": 0.0006439150311052799, "loss": 9.007630433188751e-05, "val_accuracy": 0.0, "val_loss": 0.00011982503929175436}}
{"9": {"accuracy": 0.0006439150311052799, "loss": 9.540296014165506e-05, "val_accuracy": 0.0, "val_loss": 0.0001929583231685683}}
{"10": {"accuracy": 0.0006439150311052799, "loss": 0.00011144957534270361, "val_accuracy": 0.0, "val_loss": 0.000125522434245795}}
{"11": {"accuracy": 0.0006439150311052799, "loss": 0.00010341977031202987, "val_accuracy": 0.0, "val_loss": 0.00010885040683206171}}
{"12": {"accuracy": 0.0006439150311052799, "loss": 8.927031740313396e-05, "val_accuracy": 0.0, "val_loss": 0.00010863215720746666}}
{"13": {"accuracy": 0.0006439150311052799, "loss": 0.00011903568520210683, "val_accuracy": 0.0, "val_loss": 0.0001221100683324039}}
{"14": {"accuracy": 0.0006439150311052799, "loss": 0.00010774108523037285, "val_accuracy": 0.0, "val_loss": 0.00014432753960136324}}
{"15": {"accuracy": 0.0006439150311052799, "loss": 0.00012317039363551885, "val_accuracy": 0.0, "val_loss": 0.00011231159442104399}}
{"16": {"accuracy": 0.0006439150311052799, "loss": 0.0001405127695761621, "val_accuracy": 0.0, "val_loss": 0.000133274428662844}}
{"17": {"accuracy": 0.0006439150311052799, "loss": 0.00014826213009655476, "val_accuracy": 0.0, "val_loss": 0.00017915171338245273}}
{"18": {"accuracy": 0.0006439150311052799, "loss": 0.00011116971290903166, "val_accuracy": 0.0, "val_loss": 9.779427637113258e-05}}
{"19": {"accuracy": 0.0006439150311052799, "loss": 0.0001013522851280868, "val_accuracy": 0.0, "val_loss": 0.0002039302489720285}}
{"20": {"accuracy": 0.0006439150311052799, "loss": 0.0001085518961190246, "val_accuracy": 0.0, "val_loss": 0.00015169034304562956}}
{"21": {"accuracy": 0.0006439150311052799, "loss": 9.718845103634521e-05, "val_accuracy": 0.0, "val_loss": 9.11011011339724e-05}}
{"22": {"accuracy": 0.0006439150311052799, "loss": 9.84588114079088e-05, "val_accuracy": 0.0, "val_loss": 0.000133036301122047}}
{"23": {"accuracy": 0.0006439150311052799, "loss": 9.524573397357017e-05, "val_accuracy": 0.0, "val_loss": 0.00011527733295224607}}
{"24": {"accuracy": 0.0006439150311052799, "loss": 0.00012463663006201386, "val_accuracy": 0.0, "val_loss": 0.00014156820543576032}}
{"25": {"accuracy": 0.0006439150311052799, "loss": 0.00012367783347144723, "val_accuracy": 0.0, "val_loss": 0.00010429524991195649}}
{"26": {"accuracy": 0.0006439150311052799, "loss": 9.252383460989222e-05, "val_accuracy": 0.0, "val_loss": 9.621291974326596e-05}}
{"27": {"accuracy": 0.0006439150311052799, "loss": 9.508153743809089e-05, "val_accuracy": 0.0, "val_loss": 0.0002751646388787776}}
{"28": {"accuracy": 0.0006439150311052799, "loss": 0.00011402940435800701, "val_accuracy": 0.0, "val_loss": 9.771967597771436e-05}}
{"29": {"accuracy": 0.0006439150311052799, "loss": 0.00010588416625978425, "val_accuracy": 0.0, "val_loss": 9.075443813344464e-05}}
{"30": {"accuracy": 0.0006439150311052799, "loss": 0.0001347735960735008, "val_accuracy": 0.0, "val_loss": 0.00037252006586641073}}
{"31": {"accuracy": 0.0006439150311052799, "loss": 0.0001527031126897782, "val_accuracy": 0.0, "val_loss": 0.00012949171650689095}}
{"32": {"accuracy": 0.0006439150311052799, "loss": 9.608862455934286e-05, "val_accuracy": 0.0, "val_loss": 0.00019688934844452888}}
{"33": {"accuracy": 0.0006439150311052799, "loss": 0.00014274656132329255, "val_accuracy": 0.0, "val_loss": 8.465053542749956e-05}}
{"34": {"accuracy": 0.0006439150311052799, "loss": 0.00010361770546296611, "val_accuracy": 0.0, "val_loss": 0.00017792089784052223}}
{"35": {"accuracy": 0.0006439150311052799, "loss": 0.00010538857895880938, "val_accuracy": 0.0, "val_loss": 0.00034793702070601285}}
{"36": {"accuracy": 0.0006439150311052799, "loss": 0.00012221919314470142, "val_accuracy": 0.0, "val_loss": 9.929097723215818e-05}}
{"37": {"accuracy": 0.0006439150311052799, "loss": 8.407576387980953e-05, "val_accuracy": 0.0, "val_loss": 0.00011159742280142382}}
{"38": {"accuracy": 0.0006439150311052799, "loss": 8.33503800095059e-05, "val_accuracy": 0.0, "val_loss": 8.606406481703743e-05}}
{"39": {"accuracy": 0.0006439150311052799, "loss": 9.84168509603478e-05, "val_accuracy": 0.0, "val_loss": 0.00014134221419226378}}
{"40": {"accuracy": 0.0006439150311052799, "loss": 9.812499774852768e-05, "val_accuracy": 0.0, "val_loss": 8.865927520673722e-05}}
{"41": {"accuracy": 0.0006439150311052799, "loss": 0.000193880419828929, "val_accuracy": 0.0, "val_loss": 8.486860315315425e-05}}
{"42": {"accuracy": 0.0006439150311052799, "loss": 9.077518916456029e-05, "val_accuracy": 0.0, "val_loss": 0.000166860205354169}}
{"43": {"accuracy": 0.0006439150311052799, "loss": 0.0001084912073565647, "val_accuracy": 0.0, "val_loss": 0.00011595019168453291}}
{"44": {"accuracy": 0.0006439150311052799, "loss": 0.00010648734314600006, "val_accuracy": 0.0, "val_loss": 0.00018172409909311682}}
{"45": {"accuracy": 0.0006439150311052799, "loss": 9.60517063504085e-05, "val_accuracy": 0.0, "val_loss": 8.6638901848346e-05}}
{"46": {"accuracy": 0.0006439150311052799, "loss": 9.756244980962947e-05, "val_accuracy": 0.0, "val_loss": 0.0001516897027613595}}
{"47": {"accuracy": 0.0006439150311052799, "loss": 8.372320735361427e-05, "val_accuracy": 0.0, "val_loss": 9.645044337958097e-05}}
{"48": {"accuracy": 0.0006439150311052799, "loss": 0.00010884035873459652, "val_accuracy": 0.0, "val_loss": 8.971035276772454e-05}}
{"49": {"accuracy": 0.0006439150311052799, "loss": 9.703383693704382e-05, "val_accuracy": 0.0, "val_loss": 8.237895235652104e-05}}
{"50": {"accuracy": 0.0006439150311052799, "loss": 0.00010865048534469679, "val_accuracy": 0.0, "val_loss": 9.322864207206294e-05}}
{"51": {"accuracy": 0.0006439150311052799, "loss": 8.64943431224674e-05, "val_accuracy": 0.0, "val_loss": 0.0001136363935074769}}
{"52": {"accuracy": 0.0006439150311052799, "loss": 0.00012116618745494634, "val_accuracy": 0.0, "val_loss": 0.00010489115811651573}}
{"53": {"accuracy": 0.0006439150311052799, "loss": 9.307048458140343e-05, "val_accuracy": 0.0, "val_loss": 8.621405140729621e-05}}
{"54": {"accuracy": 0.0006439150311052799, "loss": 8.006127609405667e-05, "val_accuracy": 0.0, "val_loss": 0.00010618677333695814}}
{"55": {"accuracy": 0.0006439150311052799, "loss": 8.851043094182387e-05, "val_accuracy": 0.0, "val_loss": 0.00010629287862684578}}
{"56": {"accuracy": 0.0006439150311052799, "loss": 0.00011156564869452268, "val_accuracy": 0.0, "val_loss": 9.499137377133593e-05}}
{"57": {"accuracy": 0.0006439150311052799, "loss": 0.0001107749849325046, "val_accuracy": 0.0, "val_loss": 9.477226558374241e-05}}
{"58": {"accuracy": 0.0006439150311052799, "loss": 8.786736725596711e-05, "val_accuracy": 0.0, "val_loss": 0.00010634502541506663}}
{"59": {"accuracy": 0.0006439150311052799, "loss": 7.395993452519178e-05, "val_accuracy": 0.0, "val_loss": 0.00010550524893915281}}
{"60": {"accuracy": 0.0006439150311052799, "loss": 0.0001235826057381928, "val_accuracy": 0.0,