{"0": {"accuracy": 0.0006540222093462944, "loss": 0.015795724466443062, "val_accuracy": 0.0, "val_loss": 0.000606234825681895}}
{"1": {"accuracy": 0.0006540222093462944, "loss": 0.000299074687063694, "val_accuracy": 0.0, "val_loss": 0.0001451541029382497}}
{"2": {"accuracy": 0.0006540222093462944, "loss": 0.00015899247955530882, "val_accuracy": 0.0, "val_loss": 0.0001139725063694641}}
{"3": {"accuracy": 0.0006540222093462944, "loss": 0.00013505021343007684, "val_accuracy": 0.0, "val_loss": 0.0001566478022141382}}
{"4": {"accuracy": 0.0006540222093462944, "loss": 0.00015605759108439088, "val_accuracy": 0.0, "val_loss": 0.00016349735960830003}}
{"5": {"accuracy": 0.0006540222093462944, "loss": 0.00018960009037982672, "val_accuracy": 0.0, "val_loss": 0.00011800492211477831}}
{"6": {"accuracy": 0.0006540222093462944, "loss": 0.00015560105384793133, "val_accuracy": 0.0, "val_loss": 0.00013597799988929182}}
{"7": {"accuracy": 0.0006540222093462944, "loss": 0.00013386095815803856, "val_accuracy": 0.0, "val_loss": 0.0001490404101787135}}
{"8": {"accuracy": 0.0006540222093462944, "loss": 0.00019506356329657137, "val_accuracy": 0.0, "val_loss": 0.00040728249587118626}}
{"9": {"accuracy": 0.0006540222093462944, "loss": 0.00013140300870873034, "val_accuracy": 0.0, "val_loss": 0.00010637498780852184}}
{"10": {"accuracy": 0.0006540222093462944, "loss": 0.00012301291280891746, "val_accuracy": 0.0, "val_loss": 0.00016215273353736848}}
{"11": {"accuracy": 0.0006540222093462944, "loss": 0.0001873643195722252, "val_accuracy": 0.0, "val_loss": 0.0003763858403544873}}
{"12": {"accuracy": 0.0006540222093462944, "loss": 0.00016405712813138962, "val_accuracy": 0.0, "val_loss": 0.00017323244537692517}}
{"13": {"accuracy": 0.0006540222093462944, "loss": 0.00011406582780182362, "val_accuracy": 0.0, "val_loss": 0.0001901172799989581}}
{"14": {"accuracy": 0.0006540222093462944, "loss": 0.000172642117831856, "val_accuracy": 0.0, "val_loss": 0.00010362098691985011}}
{"15": {"accuracy": 0.0006540222093462944, "loss": 0.00016195305215660483, "val_accuracy": 0.0, "val_loss": 0.00028340957942418754}}
{"16": {"accuracy": 0.0006540222093462944, "loss": 0.00012178908218629658, "val_accuracy": 0.0, "val_loss": 0.00010166549327550456}}
{"17": {"accuracy": 0.0006540222093462944, "loss": 0.00010102125816047192, "val_accuracy": 0.0, "val_loss": 8.710435213288292e-05}}
{"18": {"accuracy": 0.0006540222093462944, "loss": 0.0001787394139682874, "val_accuracy": 0.0, "val_loss": 0.00010629979806253687}}
{"19": {"accuracy": 0.0006540222093462944, "loss": 0.00019862677436321974, "val_accuracy": 0.0, "val_loss": 0.00021558675507549196}}
{"20": {"accuracy": 0.0006540222093462944, "loss": 0.00016489131667185575, "val_accuracy": 0.0, "val_loss": 0.00012560587492771447}}
{"21": {"accuracy": 0.0006540222093462944, "loss": 0.00016512320144101977, "val_accuracy": 0.0, "val_loss": 0.00010013549763243645}}
{"22": {"accuracy": 0.0006540222093462944, "loss": 9.938388393493369e-05, "val_accuracy": 0.0, "val_loss": 0.0001690444041742012}}
{"23": {"accuracy": 0.0006540222093462944, "loss": 0.00011374656605767086, "val_accuracy": 0.0, "val_loss": 0.0001232743525179103}}
{"24": {"accuracy": 0.0006540222093462944, "loss": 0.00010955827019643039, "val_accuracy": 0.0, "val_loss": 9.720150410430506e-05}}
{"25": {"accuracy": 0.0006540222093462944, "loss": 0.00011555464880075306, "val_accuracy": 0.0, "val_loss": 0.00013787196076009423}}
{"26": {"accuracy": 0.0006540222093462944, "loss": 0.00011980395356658846, "val_accuracy": 0.0, "val_loss": 8.945607260102406e-05}}
{"27": {"accuracy": 0.0006540222093462944, "loss": 0.00010150291200261563, "val_accuracy": 0.0, "val_loss": 0.00011552933574421331}}
{"28": {"accuracy": 0.0006540222093462944, "loss": 9.224355017067865e-05, "val_accuracy": 0.0, "val_loss": 0.00012649627751670778}}
{"29": {"accuracy": 0.0006540222093462944, "loss": 0.00012527138460427523, "val_accuracy": 0.0, "val_loss": 9.289971058024094e-05}}
{"30": {"accuracy": 0.0006540222093462944, "loss": 0.00012600774061866105, "val_accuracy": 0.0, "val_loss": 9.13691328605637e-05}}
{"31": {"accuracy": 0.0006540222093462944, "loss": 0.00014808888954576105, "val_accuracy": 0.0, "val_loss": 0.000243386224610731}}
{"32": {"accuracy": 0.0006540222093462944, "loss": 0.00034380072611384094, "val_accuracy": 0.0, "val_loss": 0.0002568741620052606}}
{"33": {"accuracy": 0.0006540222093462944, "loss": 0.00017627907800488174, "val_accuracy": 0.0, "val_loss": 8.739979239180684e-05}}
{"34": {"accuracy": 0.0006540222093462944, "loss": 9.54630013438873e-05, "val_accuracy": 0.0, "val_loss": 8.145002357196063e-05}}
{"35": {"accuracy": 0.0006540222093462944, "loss": 9.069005318451673e-05, "val_accuracy": 0.0, "val_loss": 8.258738671429455e-05}}
{"36": {"accuracy": 0.0006540222093462944, "loss": 9.886070620268583e-05, "val_accuracy": 0.0, "val_loss": 8.65713955136016e-05}}
{"37": {"accuracy": 0.0006540222093462944, "loss": 9.578914614394307e-05, "val_accuracy": 0.0, "val_loss": 8.642346074339002e-05}}
{"38": {"accuracy": 0.0006540222093462944, "loss": 0.00013429987302515656, "val_accuracy": 0.0, "val_loss": 0.00016715873789507896}}
{"39": {"accuracy": 0.0006540222093462944, "loss": 0.00015627335233148187, "val_accuracy": 0.0, "val_loss": 0.00036457841633819044}}
{"40": {"accuracy": 0.0006540222093462944, "loss": 0.00013526684779208153, "val_accuracy": 0.0, "val_loss": 0.00011932496272493154}}
{"41": {"accuracy": 0.0006540222093462944, "loss": 0.0002003601985052228, "val_accuracy": 0.0, "val_loss": 9.019159188028425e-05}}
{"42": {"accuracy": 0.0006540222093462944, "loss": 0.00013384038174990565, "val_accuracy": 0.0, "val_loss": 0.00012019326823065057}}
{"43": {"accuracy": 0.0006540222093462944, "loss": 0.00010574610496405512, "val_accuracy": 0.0, "val_loss": 9.958203008864075e-05}}
{"44": {"accuracy": 0.0006540222093462944, "loss": 9.886102634482086e-05, "val_accuracy": 0.0, "val_loss": 0.00012366757437121123}}
{"45": {"accuracy": 0.0006540222093462944, "loss": 8.72407472343184e-05, "val_accuracy": 0.0, "val_loss": 8.261660696007311e-05}}
{"46": {"accuracy": 0.0006540222093462944, "loss": 0.00015393497596960515, "val_accuracy": 0.0, "val_loss": 9.647536353440955e-05}}
{"47": {"accuracy": 0.0006540222093462944, "loss": 0.00012401884305290878, "val_accuracy": 0.0, "val_loss": 0.00010244426812278107}}
{"48": {"accuracy": 0.0006540222093462944, "loss": 9.941514144884422e-05, "val_accuracy": 0.0, "val_loss": 9.591075649950653e-05}}
{"49": {"accuracy": 0.0006540222093462944, "loss": 0.00011432668543420732, "val_accuracy": 0.0, "val_loss": 0.00011901132529601455}}
{"50": {"accuracy": 0.0006540222093462944, "loss": 0.00013732323714066297, "val_accuracy": 0.0, "val_loss": 0.00011360667122062296}}
{"51": {"accuracy": 0.0006540222093462944, "loss": 0.00015688061830587685, "val_accuracy": 0.0, "val_loss": 0.00025145034305751324}}
{"52": {"accuracy": 0.0006540222093462944, "loss": 0.00010444081271998584, "val_accuracy": 0.0, "val_loss": 0.00011671266838675365}}
{"53": {"accuracy": 0.0006540222093462944, "loss": 0.00010830746759893373, "val_accuracy": 0.0, "val_loss": 8.338724001077935e-05}}
{"54": {"accuracy": 0.0006540222093462944, "loss": 0.00013187115837354213, "val_accuracy": 0.0, "val_loss": 7.777451537549496e-05}}
{"55": {"accuracy": 0.0006540222093462944, "loss": 0.0001761100284056738, "val_accuracy": 0.0, "val_loss": 7.931413711048663e-05}}
{"56": {"accuracy": 0.0006540222093462944, "loss": 0.00013791034871246666, "val_accuracy": 0.0, "val_loss": 0.0001275958784390241}}
{"57": {"accuracy": 0.0006540222093462944, "loss": 0.0001124587724916637, "val_accuracy": 0.0, "val_loss": 0.00010589482553768903}}
{"58": {"accuracy": 0.0006540222093462944, "loss": 0.00013094276073388755, "val_accuracy": 0.0, "val_loss": 8.943732245825231e-05}}
{"59": {"accuracy": 0.0006540222093462944, "loss": 0.00011414826440159231, "val_accuracy": 0.0, "val_loss": 0.0003329036117065698}}
{"60": {"accuracy": 0.0006540222093462944, "loss": 0.00012153374700574204,