{"0": {"accuracy": 0.0, "loss": 0.008045073598623276, "val_accuracy": 0.005780346691608429, "val_loss": 0.00045843550469726324}}
{"1": {"accuracy": 0.0, "loss": 0.00020238787692505866, "val_accuracy": 0.005780346691608429, "val_loss": 0.00020112525089643896}}
{"2": {"accuracy": 0.0, "loss": 0.00017197581473737955, "val_accuracy": 0.005780346691608429, "val_loss": 0.00013162319373805076}}
{"3": {"accuracy": 0.0, "loss": 0.00012433015217538923, "val_accuracy": 0.005780346691608429, "val_loss": 0.00011556717072380707}}
{"4": {"accuracy": 0.0, "loss": 0.0001148572118836455, "val_accuracy": 0.005780346691608429, "val_loss": 9.443113231100142e-05}}
{"5": {"accuracy": 0.0, "loss": 0.00010326156188966706, "val_accuracy": 0.005780346691608429, "val_loss": 8.76173289725557e-05}}
{"6": {"accuracy": 0.0, "loss": 0.00010891787678701803, "val_accuracy": 0.005780346691608429, "val_loss": 0.00016839544696267694}}
{"7": {"accuracy": 0.0, "loss": 0.0001875370944617316, "val_accuracy": 0.005780346691608429, "val_loss": 0.00011958096001762897}}
{"8": {"accuracy": 0.0, "loss": 0.00010990191367454827, "val_accuracy": 0.005780346691608429, "val_loss": 8.246606012107804e-05}}
{"9": {"accuracy": 0.0, "loss": 0.00011296506272628903, "val_accuracy": 0.005780346691608429, "val_loss": 0.0001237638498423621}}
{"10": {"accuracy": 0.0, "loss": 0.0001415714214090258, "val_accuracy": 0.005780346691608429, "val_loss": 8.685448847245425e-05}}
{"11": {"accuracy": 0.0, "loss": 0.00013858507736586034, "val_accuracy": 0.005780346691608429, "val_loss": 0.0001681445282883942}}
{"12": {"accuracy": 0.0, "loss": 0.00017194815154653043, "val_accuracy": 0.005780346691608429, "val_loss": 0.0004560255038086325}}
{"13": {"accuracy": 0.0, "loss": 0.00020661756570916623, "val_accuracy": 0.005780346691608429, "val_loss": 0.0002432456094538793}}
{"14": {"accuracy": 0.0, "loss": 0.0001218237666762434, "val_accuracy": 0.005780346691608429, "val_loss": 0.00014907398144714534}}
{"15": {"accuracy": 0.0, "loss": 0.00016140684601850808, "val_accuracy": 0.005780346691608429, "val_loss": 0.0002538666594773531}}
{"16": {"accuracy": 0.0, "loss": 0.00016780818987172097, "val_accuracy": 0.005780346691608429, "val_loss": 0.000191467726835981}}
{"17": {"accuracy": 0.0, "loss": 0.00013121675874572247, "val_accuracy": 0.005780346691608429, "val_loss": 7.887409446993843e-05}}
{"18": {"accuracy": 0.0, "loss": 0.00010416941222501919, "val_accuracy": 0.005780346691608429, "val_loss": 8.516915841028094e-05}}
{"19": {"accuracy": 0.0, "loss": 0.00014250526146497577, "val_accuracy": 0.005780346691608429, "val_loss": 8.450719178654253e-05}}
{"20": {"accuracy": 0.0, "loss": 9.093822882277891e-05, "val_accuracy": 0.005780346691608429, "val_loss": 7.941322110127658e-05}}
{"21": {"accuracy": 0.0, "loss": 0.00015110959066078067, "val_accuracy": 0.005780346691608429, "val_loss": 0.00012471736408770084}}
{"22": {"accuracy": 0.0, "loss": 0.00013918949116487056, "val_accuracy": 0.005780346691608429, "val_loss": 0.00010707671026466414}}
{"23": {"accuracy": 0.0, "loss": 0.000130495143821463, "val_accuracy": 0.005780346691608429, "val_loss": 7.734150858595967e-05}}
{"24": {"accuracy": 0.0, "loss": 0.00011077240924350917, "val_accuracy": 0.005780346691608429, "val_loss": 0.00010880071931751445}}
{"25": {"accuracy": 0.0, "loss": 0.0001337187859462574, "val_accuracy": 0.005780346691608429, "val_loss": 0.0001620998082216829}}
{"26": {"accuracy": 0.0, "loss": 0.00012364583380986005, "val_accuracy": 0.005780346691608429, "val_loss": 7.348837243625894e-05}}
{"27": {"accuracy": 0.0, "loss": 8.668453665450215e-05, "val_accuracy": 0.005780346691608429, "val_loss": 0.00010385875793872401}}
{"28": {"accuracy": 0.0, "loss": 0.00011513796198414639, "val_accuracy": 0.005780346691608429, "val_loss": 8.157427510013804e-05}}
{"29": {"accuracy": 0.0, "loss": 0.00013269460760056973, "val_accuracy": 0.005780346691608429, "val_loss": 0.000233617756748572}}
{"30": {"accuracy": 0.0, "loss": 0.00013119043433107436, "val_accuracy": 0.005780346691608429, "val_loss": 9.384668373968452e-05}}
{"31": {"accuracy": 0.0, "loss": 0.00017483221017755568, "val_accuracy": 0.005780346691608429, "val_loss": 0.00013160693924874067}}
{"32": {"accuracy": 0.0, "loss": 0.00013069181295577437, "val_accuracy": 0.005780346691608429, "val_loss": 9.277876233682036e-05}}
{"33": {"accuracy": 0.0, "loss": 9.228295675711706e-05, "val_accuracy": 0.005780346691608429, "val_loss": 8.347521361429244e-05}}
{"34": {"accuracy": 0.0, "loss": 0.00015962976613081992, "val_accuracy": 0.005780346691608429, "val_loss": 0.00012912524107377976}}
{"35": {"accuracy": 0.0, "loss": 0.00010111700248671696, "val_accuracy": 0.005780346691608429, "val_loss": 0.00014434019976761192}}
{"36": {"accuracy": 0.0, "loss": 0.00014309483231045306, "val_accuracy": 0.005780346691608429, "val_loss": 9.134202991845086e-05}}
{"37": {"accuracy": 0.0, "loss": 0.00010484414087841287, "val_accuracy": 0.005780346691608429, "val_loss": 8.481848635710776e-05}}
{"38": {"accuracy": 0.0, "loss": 0.00014571065548807383, "val_accuracy": 0.005780346691608429, "val_loss": 0.00025752634974196553}}
{"39": {"accuracy": 0.0, "loss": 0.0001358639565296471, "val_accuracy": 0.005780346691608429, "val_loss": 8.472926128888503e-05}}
{"40": {"accuracy": 0.0, "loss": 9.394025983056054e-05, "val_accuracy": 0.005780346691608429, "val_loss": 6.884071626700461e-05}}
{"41": {"accuracy": 0.0, "loss": 8.024380076676607e-05, "val_accuracy": 0.005780346691608429, "val_loss": 7.471368735423312e-05}}
{"42": {"accuracy": 0.0, "loss": 9.198384213959798e-05, "val_accuracy": 0.005780346691608429, "val_loss": 7.416107837343588e-05}}
{"43": {"accuracy": 0.0, "loss": 7.821968029020354e-05, "val_accuracy": 0.005780346691608429, "val_loss": 0.00010360537271481007}}
{"44": {"accuracy": 0.0, "loss": 0.00010097974154632539, "val_accuracy": 0.005780346691608429, "val_loss": 0.00011907986481674016}}
{"45": {"accuracy": 0.0, "loss": 9.562009654473513e-05, "val_accuracy": 0.005780346691608429, "val_loss": 8.206453640013933e-05}}
{"46": {"accuracy": 0.0, "loss": 8.396236080443487e-05, "val_accuracy": 0.005780346691608429, "val_loss": 6.929348455742002e-05}}
{"47": {"accuracy": 0.0, "loss": 0.00012775426148436964, "val_accuracy": 0.005780346691608429, "val_loss": 0.00010543469397816807}}
{"48": {"accuracy": 0.0, "loss": 0.00014915586507413536, "val_accuracy": 0.005780346691608429, "val_loss": 9.077260619960725e-05}}
{"49": {"accuracy": 0.0, "loss": 8.164690370904282e-05, "val_accuracy": 0.005780346691608429, "val_loss": 0.00013360231241676956}}
{"50": {"accuracy": 0.0, "loss": 0.00011524644651217386, "val_accuracy": 0.005780346691608429, "val_loss": 7.438519241986796e-05}}
{"51": {"accuracy": 0.0, "loss": 9.632258297642693e-05, "val_accuracy": 0.005780346691608429, "val_loss": 9.414026135345921e-05}}
{"52": {"accuracy": 0.0, "loss": 0.00010747524356702343, "val_accuracy": 0.005780346691608429, "val_loss": 0.0001444073423044756}}
{"53": {"accuracy": 0.0, "loss": 0.00010556979395914823, "val_accuracy": 0.005780346691608429, "val_loss": 8.193639223463833e-05}}
{"54": {"accuracy": 0.0, "loss": 8.51799122756347e-05, "val_accuracy": 0.005780346691608429, "val_loss": 7.458043546648696e-05}}
{"55": {"accuracy": 0.0, "loss": 7.869610999478027e-05, "val_accuracy": 0.005780346691608429, "val_loss": 0.00011993778753094375}}
{"56": {"accuracy": 0.0, "loss": 8.871605677995831e-05, "val_accuracy": 0.005780346691608429, "val_loss": 0.00010256774839945138}}
{"57": {"accuracy": 0.0, "loss": 8.858156797941774e-05, "val_accuracy": 0.005780346691608429, "val_loss": 0.0002407709980616346}}
{"58": {"accuracy": 0.0, "loss": 0.00013329213834367692, "val_accuracy": 0.005780346691608429, "val_loss": 7.155841012718156e-05}}
{"59": {"accuracy": 0.0, "loss": 0.00010529848805163056, "val_accuracy": 0.005780346691608429, "val_loss": 0.0001634528744034469}}
{"60": {"accuracy": 0.0, "loss": 0.00011728910612873733, "val_accuracy": 0.005780346691608429, "val_loss": 0.00030957552371546626}}
{"61": {"accuracy": 0.0,